Timme,Term. Pa Barom.,Barom.,Torraterm.,Vataterm.,slag,mangd,hogre slag,total mangd,Rikning,Beaufort,m/sek.,Sikt,Sjogang
2 fm,,,,,,,,,,,,,
8 fm,+11.0,,-15.6,,7,10,,,,,,,
2 em,+10.0,50.5,-16.3,,7,10,,10,,5,9,9,x
7 em,+9.4,,-15.8,,6,3,,3,,5,9,9,
9 em,,,,,,,,,,3,5,9,x
date,01-01-1927
2 fm,,,,,,,,,,,,,
8 fm,+8.0,,-19.4,,,,2,,,,,,
2 em,+13.0,58.1,-17.0,,,,2,1,,2,3,9,x
7 em,+15.0,58.1,-16.2,,,,1,1,,2,3,9,x
9 em,,,,,,,,,,2,3,9,x
date,01-02-1927
2 fm,,,,,,,,,,,,,
8 fm,,,,,,,,,,,,,
2 em,,,,,,,,,,,,,
7 em,,,,,,,,,,,,,
9 em,,,,,,,,,,,,,
date,01-03-1927
2 fm,,,,,,,,,,,,,
8 fm,,,,,,,,,,,,,
2 em,,,,,,,,,,,,,
7 em,,,,,,,,,,,,,
9 em,,,,,,,,,,,,,
date,01-04-1927
2 fm,,,,,,,,,,,,,
8 fm,,,,,,,,,,,,,
2 em,,,,,,,,,,,,,
7 em,,,,,,,,,,,,,
9 em,,,,,,,,,,,,,
date,01-05-1927
2 fm,,,,,,,,,,,,,
8 fm,,,,,,,,,,,,,
2 em,,,,,,,,,,,,,
7 em,,,,,,,,,,,,,
9 em,,,,,,,,,,,,,
date,01-06-1927
2 fm,,,,,,,,,,,,,
8 fm,,,,,,,,,,,,,
2 em,,,,,,,,,,,,,
7 em,,,,,,,,,,,,,
9 em,,,,,,,,,,,,,
date,01-07-1927
2 fm,,,,,,,,,,,,,
8 fm,,,,,,,,,,,,,
2 em,,,,,,,,,,,,,
7 em,,,,,,,,,,,,,
9 em,,,,,,,,,,,,,
date,01-08-1927
2 fm,,,,,,,,,,,,,
8 fm,,,,,,,,,,,,,
2 em,,,,,,,,,,,,,
7 em,,,,,,,,,,,,,
9 em,,,,,,,,,,,,,
date,01-09-1927
2 fm,,,,,,,,,,,,,
8 fm,,,,,,,,,,,,,
2 em,,,,,,,,,,,,,
7 em,,,,,,,,,,,,,
9 em,,,,,,,,,,,,,
date,01-10-1927
2 fm,,,,,,,,,,,,,
8 fm,,,,,,,,,,,,,
2 em,,,,,,,,,,,,,
7 em,,,,,,,,,,,,,
9 em,,,,,,,,,,,,,
date,01-11-1927
2 fm,,,,,,,,,,,,,
8 fm,,,,,,,,,,,,,
2 em,,,,,,,,,,,,,
7 em,,,,,,,,,,,,,
9 em,,,,,,,,,,,,,
date,01-12-1927
2 fm,,,,,,,,,,,,,
8 fm,,,,,,,,,,,,,
2 em,,,,,,,,,,,,,
7 em,,,,,,,,,,,,,
9 em,,,,,,,,,,,,,
date,01-13-1927
2 fm,,,,,,,,,,,,,
8 fm,,,,,,,,,,,,,
2 em,,,,,,,,,,,,,
7 em,,,,,,,,,,,,,
9 em,,,,,,,,,,,,,
date,01-14-1927
2 fm,,,,,,,,,,,,,
8 fm,,,,,,,,,,,,,
2 em,,,,,,,,,,,,,
7 em,,,,,,,,,,,,,
9 em,,,,,,,,,,,,,
date,01-15-1927
2 fm,,,,,,,,,,,,,
8 fm,,,,,,,,,,,,,
2 em,,,,,,,,,,,,,
7 em,,,,,,,,,,,,,
9 em,,,,,,,,,,,,,
date,01-16-1927
2 fm,,,,,,,,,,,,,
8 fm,,,,,,,,,,,,,
2 em,,,,,,,,,,,,,
7 em,,,,,,,,,,,,,
9 em,,,,,,,,,,,,,
date,01-17-1927
2 fm,,,,,,,,,,,,,
8 fm,,,,,,,,,,,,,
2 em,,,,,,,,,,,,,
7 em,,,,,,,,,,,,,
9 em,,,,,,,,,,,,,
date,01-18-1927
2 fm,,,,,,,,,,,,,
8 fm,,,,,,,,,,,,,
2 em,,,,,,,,,,,,,
7 em,,,,,,,,,,,,,
9 em,,,,,,,,,,,,,
date,01-19-1927
2 fm,,,,,,,,,,,,,
8 fm,,,,,,,,,,,,,
2 em,,,,,,,,,,,,,
7 em,,,,,,,,,,,,,
9 em,,,,,,,,,,,,,
date,01-20-1927
2 fm,,,,,,,,,,,,,
8 fm,,,,,,,,,,,,,
2 em,,,,,,,,,,,,,
7 em,,,,,,,,,,,,,
9 em,,,,,,,,,,,,,
date,01-21-1927
2 fm,,,,,,,,,,,,,
8 fm,,,,,,,,,,,,,
2 em,,,,,,,,,,,,,
7 em,,,,,,,,,,,,,
9 em,,,,,,,,,,,,,
date,01-22-1927
2 fm,,,,,,,,,,,,,
8 fm,,,,,,,,,,,,,
2 em,,,,,,,,,,,,,
7 em,,,,,,,,,,,,,
9 em,,,,,,,,,,,,,
date,01-23-1927
2 fm,,,,,,,,,,,,,
8 fm,,,,,,,,,,,,,
2 em,,,,,,,,,,,,,
7 em,,,,,,,,,,,,,
9 em,,,,,,,,,,,,,
date,01-24-1927
2 fm,,,,,,,,,,,,,
8 fm,,,,,,,,,,,,,
2 em,,,,,,,,,,,,,
7 em,,,,,,,,,,,,,
9 em,,,,,,,,,,,,,
date,01-25-1927
2 fm,,,,,,,,,,,,,
8 fm,,,,,,,,,,,,,
2 em,,,,,,,,,,,,,
7 em,,,,,,,,,,,,,
9 em,,,,,,,,,,,,,
date,01-26-1927
2 fm,,,,,,,,,,,,,
8 fm,,,,,,,,,,,,,
2 em,,,,,,,,,,,,,
7 em,,,,,,,,,,,,,
9 em,,,,,,,,,,,,,
date,01-27-1927
2 fm,,,,,,,,,,,,,
8 fm,,,,,,,,,,,,,
2 em,,,,,,,,,,,,,
7 em,,,,,,,,,,,,,
9 em,,,,,,,,,,,,,
date,01-28-1927
2 fm,,,,,,,,,,,,,
8 fm,,,,,,,,,,,,,
2 em,,,,,,,,,,,,,
7 em,,,,,,,,,,,,,
9 em,,,,,,,,,,,,,
date,01-29-1927
2 fm,,,,,,,,,,,,,
8 fm,,,,,,,,,,,,,
2 em,,,,,,,,,,,,,
7 em,,,,,,,,,,,,,
9 em,,,,,,,,,,,,,
date,01-30-1927
2 fm,,,,,,,,,,,,,
8 fm,,,,,,,,,,,,,
2 em,,,,,,,,,,,,,
7 em,,,,,,,,,,,,,
9 em,,,,,,,,,,,,,
date,01-31-1927
2 fm,,,,,,,,,,,,,
8 fm,,,,,,,,,,,,,
2 em,,,,,,,,,,,,,
7 em,,,,,,,,,,,,,
9 em,,,,,,,,,,,,,
date,02-01-1927
2 fm,,,,,,,,,,,,,
8 fm,,,,,,,,,,,,,
2 em,,,,,,,,,,,,,
7 em,,,,,,,,,,,,,
9 em,,,,,,,,,,,,,
date,02-02-1927
2 fm,,,,,,,,,,,,,
8 fm,,,,,,,,,,,,,
2 em,,,,,,,,,,,,,
7 em,,,,,,,,,,,,,
9 em,,,,,,,,,,,,,
date,02-03-1927
2 fm,,,,,,,,,,,,,
8 fm,,,,,,,,,,,,,
2 em,,,,,,,,,,,,,
7 em,,,,,,,,,,,,,
9 em,,,,,,,,,,,,,
date,02-04-1927
2 fm,,,,,,,,,,,,,
8 fm,,,,,,,,,,,,,
2 em,,,,,,,,,,,,,
7 em,,,,,,,,,,,,,
9 em,,,,,,,,,,,,,
date,02-05-1927
2 fm,,,,,,,,,,,,,
8 fm,,,,,,,,,,,,,
2 em,,,,,,,,,,,,,
7 em,,,,,,,,,,,,,
9 em,,,,,,,,,,,,,
date,02-06-1927
2 fm,,,,,,,,,,,,,
8 fm,,,,,,,,,,,,,
2 em,,,,,,,,,,,,,
7 em,,,,,,,,,,,,,
9 em,,,,,,,,,,,,,
date,02-07-1927
2 fm,,,,,,,,,,,,,
8 fm,,,,,,,,,,,,,
2 em,,,,,,,,,,,,,
7 em,,,,,,,,,,,,,
9 em,,,,,,,,,,,,,
date,02-08-1927
2 fm,,,,,,,,,,,,,
8 fm,,,,,,,,,,,,,
2 em,,,,,,,,,,,,,
7 em,,,,,,,,,,,,,
9 em,,,,,,,,,,,,,
date,02-09-1927
2 fm,,,,,,,,,,,,,
8 fm,,,,,,,,,,,,,
2 em,,,,,,,,,,,,,
7 em,,,,,,,,,,,,,
9 em,,,,,,,,,,,,,
date,02-10-1927
2 fm,,,,,,,,,,,,,
8 fm,,,,,,,,,,,,,
2 em,,,,,,,,,,,,,
7 em,,,,,,,,,,,,,
9 em,,,,,,,,,,,,,
date,02-11-1927
2 fm,,,,,,,,,,,,,
8 fm,,,,,,,,,,,,,
2 em,,,,,,,,,,,,,
7 em,,,,,,,,,,,,,
9 em,,,,,,,,,,,,,
date,02-12-1927
2 fm,,,,,,,,,,,,,
8 fm,,,,,,,,,,,,,
2 em,,,,,,,,,,,,,
7 em,,,,,,,,,,,,,
9 em,,,,,,,,,,,,,
date,02-13-1927
2 fm,,,,,,,,,,,,,
8 fm,,,,,,,,,,,,,
2 em,,,,,,,,,,,,,
7 em,,,,,,,,,,,,,
9 em,,,,,,,,,,,,,
date,02-14-1927
2 fm,,,,,,,,,,,,,
8 fm,,,,,,,,,,,,,
2 em,,,,,,,,,,,,,
7 em,,,,,,,,,,,,,
9 em,,,,,,,,,,,,,
date,02-15-1927
2 fm,,,,,,,,,,,,,
8 fm,,,,,,,,,,,,,
2 em,,,,,,,,,,,,,
7 em,,,,,,,,,,,,,
9 em,,,,,,,,,,,,,
date,02-16-1927
2 fm,,,,,,,,,,,,,
8 fm,,,,,,,,,,,,,
2 em,,,,,,,,,,,,,
7 em,,,,,,,,,,,,,
9 em,,,,,,,,,,,,,
date,02-17-1927
2 fm,,,,,,,,,,,,,
8 fm,,,,,,,,,,,,,
2 em,,,,,,,,,,,,,
7 em,,,,,,,,,,,,,
9 em,,,,,,,,,,,,,
date,02-18-1927
2 fm,,,,,,,,,,,,,
8 fm,,,,,,,,,,,,,
2 em,,,,,,,,,,,,,
7 em,,,,,,,,,,,,,
9 em,,,,,,,,,,,,,
date,02-19-1927
2 fm,,,,,,,,,,,,,
8 fm,,,,,,,,,,,,,
2 em,,,,,,,,,,,,,
7 em,,,,,,,,,,,,,
9 em,,,,,,,,,,,,,
date,02-20-1927
2 fm,,,,,,,,,,,,,
8 fm,,,,,,,,,,,,,
2 em,,,,,,,,,,,,,
7 em,,,,,,,,,,,,,
9 em,,,,,,,,,,,,,
date,02-21-1927
2 fm,,,,,,,,,,,,,
8 fm,,,,,,,,,,,,,
2 em,,,,,,,,,,,,,
7 em,,,,,,,,,,,,,
9 em,,,,,,,,,,,,,
date,02-22-1927
2 fm,,,,,,,,,,,,,
8 fm,,,,,,,,,,,,,
2 em,,,,,,,,,,,,,
7 em,,,,,,,,,,,,,
9 em,,,,,,,,,,,,,
date,02-23-1927
2 fm,,,,,,,,,,,,,
8 fm,,,,,,,,,,,,,
2 em,,,,,,,,,,,,,
7 em,,,,,,,,,,,,,
9 em,,,,,,,,,,,,,
date,02-24-1927
2 fm,,,,,,,,,,,,,
8 fm,,,,,,,,,,,,,
2 em,,,,,,,,,,,,,
7 em,,,,,,,,,,,,,
9 em,,,,,,,,,,,,,
date,02-25-1927
2 fm,,,,,,,,,,,,,
8 fm,,,,,,,,,,,,,
2 em,,,,,,,,,,,,,
7 em,,,,,,,,,,,,,
9 em,,,,,,,,,,,,,
date,02-26-1927
2 fm,,,,,,,,,,,,,
8 fm,,,,,,,,,,,,,
2 em,,,,,,,,,,,,,
7 em,,,,,,,,,,,,,
9 em,,,,,,,,,,,,,
date,02-27-1927
2 fm,,,,,,,,,,,,,
8 fm,,,,,,,,,,,,,
2 em,,,,,,,,,,,,,
7 em,,,,,,,,,,,,,
9 em,,,,,,,,,,,,,
date,02-28-1927
2 fm,,,,,,,,,,,,,
8 fm,,,,,,,,,,,,,
2 em,,,,,,,,,,,,,
7 em,,,,,,,,,,,,,
9 em,,,,,,,,,,,,,
date,03-01-1927
2 fm,,,,,,,,,,,,,
8 fm,,,,,,,,,,,,,
2 em,,,,,,,,,,,,,
7 em,,,,,,,,,,,,,
9 em,,,,,,,,,,,,,
date,03-02-1927
2 fm,,,,,,,,,,,,,
8 fm,,,,,,,,,,,,,
2 em,,,,,,,,,,,,,
7 em,,,,,,,,,,,,,
9 em,,,,,,,,,,,,,
date,03-03-1927
2 fm,,,,,,,,,,,,,
8 fm,,,,,,,,,,,,,
2 em,,,,,,,,,,,,,
7 em,,,,,,,,,,,,,
9 em,,,,,,,,,,,,,
date,03-04-1927
2 fm,,,,,,,,,,,,,
8 fm,,,,,,,,,,,,,
2 em,,,,,,,,,,,,,
7 em,,,,,,,,,,,,,
9 em,,,,,,,,,,,,,
date,03-05-1927
2 fm,,,,,,,,,,,,,
8 fm,,,,,,,,,,,,,
2 em,,,,,,,,,,,,,
7 em,,,,,,,,,,,,,
9 em,,,,,,,,,,,,,
date,03-06-1927
2 fm,,,,,,,,,,,,,
8 fm,,,,,,,,,,,,,
2 em,,,,,,,,,,,,,
7 em,,,,,,,,,,,,,
9 em,,,,,,,,,,,,,
date,03-07-1927
2 fm,,,,,,,,,,,,,
8 fm,,,,,,,,,,,,,
2 em,,,,,,,,,,,,,
7 em,,,,,,,,,,,,,
9 em,,,,,,,,,,,,,
date,03-08-1927
2 fm,,,,,,,,,,,,,
8 fm,,,,,,,,,,,,,
2 em,,,,,,,,,,,,,
7 em,,,,,,,,,,,,,
9 em,,,,,,,,,,,,,
date,03-09-1927
2 fm,,,,,,,,,,,,,
8 fm,,,,,,,,,,,,,
2 em,,,,,,,,,,,,,
7 em,,,,,,,,,,,,,
9 em,,,,,,,,,,,,,
date,03-10-1927
2 fm,,,,,,,,,,,,,
8 fm,,,,,,,,,,,,,
2 em,,,,,,,,,,,,,
7 em,,,,,,,,,,,,,
9 em,,,,,,,,,,,,,
date,03-11-1927
2 fm,,,,,,,,,,,,,
8 fm,,,,,,,,,,,,,
2 em,,,,,,,,,,,,,
7 em,,,,,,,,,,,,,
9 em,,,,,,,,,,,,,
date,03-12-1927
2 fm,,,,,,,,,,,,,
8 fm,,,,,,,,,,,,,
2 em,,,,,,,,,,,,,
7 em,,,,,,,,,,,,,
9 em,,,,,,,,,,,,,
date,03-13-1927
2 fm,,,,,,,,,,,,,
8 fm,,,,,,,,,,,,,
2 em,,,,,,,,,,,,,
7 em,,,,,,,,,,,,,
9 em,,,,,,,,,,,,,
date,03-14-1927
2 fm,,,,,,,,,,,,,
8 fm,,,,,,,,,,,,,
2 em,,,,,,,,,,,,,
7 em,,,,,,,,,,,,,
9 em,,,,,,,,,,,,,
date,03-15-1927
2 fm,,,,,,,,,,,,,
8 fm,,,,,,,,,,,,,
2 em,,,,,,,,,,,,,
7 em,,,,,,,,,,,,,
9 em,,,,,,,,,,,,,
date,03-16-1927
2 fm,,,,,,,,,,,,,
8 fm,,,,,,,,,,,,,
2 em,,,,,,,,,,,,,
7 em,,,,,,,,,,,,,
9 em,,,,,,,,,,,,,
date,03-17-1927
2 fm,,,,,,,,,,,,,
8 fm,,,,,,,,,,,,,
2 em,,,,,,,,,,,,,
7 em,,,,,,,,,,,,,
9 em,,,,,,,,,,,,,
date,03-18-1927
2 fm,,,,,,,,,,,,,
8 fm,,,,,,,,,,,,,
2 em,,,,,,,,,,,,,
7 em,,,,,,,,,,,,,
9 em,,,,,,,,,,,,,
date,03-19-1927
2 fm,,,,,,,,,,,,,
8 fm,,,,,,,,,,,,,
2 em,,,,,,,,,,,,,
7 em,,,,,,,,,,,,,
9 em,,,,,,,,,,,,,
date,03-20-1927
2 fm,,,,,,,,,,,,,
8 fm,,,,,,,,,,,,,
2 em,,,,,,,,,,,,,
7 em,,,,,,,,,,,,,
9 em,,,,,,,,,,,,,
date,03-21-1927
2 fm,,,,,,,,,,,,,
8 fm,,,,,,,,,,,,,
2 em,,,,,,,,,,,,,
7 em,,,,,,,,,,,,,
9 em,,,,,,,,,,,,,
date,03-22-1927
2 fm,,,,,,,,,,,,,
8 fm,,,,,,,,,,,,,
2 em,,,,,,,,,,,,,
7 em,,,,,,,,,,,,,
9 em,,,,,,,,,,,,,
date,03-23-1927
2 fm,,,,,,,,,,,,,
8 fm,,,,,,,,,,,,,
2 em,,,,,,,,,,,,,
7 em,,,,,,,,,,,,,
9 em,,,,,,,,,,,,,
date,03-24-1927
2 fm,,,,,,,,,,,,,
8 fm,,,,,,,,,,,,,
2 em,,,,,,,,,,,,,
7 em,,,,,,,,,,,,,
9 em,,,,,,,,,,,,,
date,03-25-1927
2 fm,,,,,,,,,,,,,
8 fm,,,,,,,,,,,,,
2 em,,,,,,,,,,,,,
7 em,,,,,,,,,,,,,
9 em,,,,,,,,,,,,,
date,03-26-1927
2 fm,,,,,,,,,,,,,
8 fm,,,,,,,,,,,,,
2 em,,,,,,,,,,,,,
7 em,,,,,,,,,,,,,
9 em,,,,,,,,,,,,,
date,03-27-1927
2 fm,,,,,,,,,,,,,
8 fm,,,,,,,,,,,,,
2 em,,,,,,,,,,,,,
7 em,,,,,,,,,,,,,
9 em,,,,,,,,,,,,,
date,03-28-1927
2 fm,,,,,,,,,,,,,
8 fm,,,,,,,,,,,,,
2 em,,,,,,,,,,,,,
7 em,,,,,,,,,,,,,
9 em,,,,,,,,,,,,,
date,03-29-1927
2 fm,,,,,,,,,,,,,
8 fm,,,,,,,,,,,,,
2 em,,,,,,,,,,,,,
7 em,,,,,,,,,,,,,
9 em,,,,,,,,,,,,,
date,03-30-1927
2 fm,,,,,,,,,,,,,
8 fm,,,,,,,,,,,,,
2 em,,,,,,,,,,,,,
7 em,,,,,,,,,,,,,
9 em,,,,,,,,,,,,,
date,03-31-1927
2 fm,,,,,,,,,,,,,
8 fm,,,,,,,,,,,,,
2 em,,,,,,,,,,,,,
7 em,,,,,,,,,,,,,
9 em,,,,,,,,,,,,,
date,04-01-1927
2 fm,,,,,,,,,,,,,
8 fm,,,,,,,,,,,,,
2 em,,,,,,,,,,,,,
7 em,,,,,,,,,,,,,
9 em,,,,,,,,,,,,,
date,04-02-1927
2 fm,,,,,,,,,,,,,
8 fm,,,,,,,,,,,,,
2 em,,,,,,,,,,,,,
7 em,,,,,,,,,,,,,
9 em,,,,,,,,,,,,,
date,04-03-1927
2 fm,,,,,,,,,,,,,
8 fm,,,,,,,,,,,,,
2 em,,,,,,,,,,,,,
7 em,,,,,,,,,,,,,
9 em,,,,,,,,,,,,,
date,04-04-1927
2 fm,,,,,,,,,,,,,
8 fm,,,,,,,,,,,,,
2 em,,,,,,,,,,,,,
7 em,,,,,,,,,,,,,
9 em,,,,,,,,,,,,,
date,04-05-1927
2 fm,,,,,,,,,,,,,
8 fm,,,,,,,,,,,,,
2 em,,,,,,,,,,,,,
7 em,,,,,,,,,,,,,
9 em,,,,,,,,,,,,,
date,04-06-1927
2 fm,,,,,,,,,,,,,
8 fm,,,,,,,,,,,,,
2 em,,,,,,,,,,,,,
7 em,,,,,,,,,,,,,
9 em,,,,,,,,,,,,,
date,04-07-1927
2 fm,,,,,,,,,,,,,
8 fm,,,,,,,,,,,,,
2 em,,,,,,,,,,,,,
7 em,,,,,,,,,,,,,
9 em,,,,,,,,,,,,,
date,04-08-1927
2 fm,,,,,,,,,,,,,
8 fm,,,,,,,,,,,,,
2 em,,,,,,,,,,,,,
7 em,,,,,,,,,,,,,
9 em,,,,,,,,,,,,,
date,04-09-1927
2 fm,,,,,,,,,,,,,
8 fm,,,,,,,,,,,,,
2 em,,,,,,,,,,,,,
7 em,,,,,,,,,,,,,
9 em,,,,,,,,,,,,,
date,04-10-1927
2 fm,,,,,,,,,,,,,
8 fm,,,,,,,,,,,,,
2 em,,,,,,,,,,,,,
7 em,,,,,,,,,,,,,
9 em,,,,,,,,,,,,,
date,04-11-1927
2 fm,,,,,,,,,,,,,
8 fm,,,,,,,,,,,,,
2 em,,,,,,,,,,,,,
7 em,,,,,,,,,,,,,
9 em,,,,,,,,,,,,,
date,04-12-1927
2 fm,,,,,,,,,,,,,
8 fm,,,,,,,,,,,,,
2 em,,,,,,,,,,,,,
7 em,,,,,,,,,,,,,
9 em,,,,,,,,,,,,,
date,04-13-1927
2 fm,,,,,,,,,,,,,
8 fm,,,,,,,,,,,,,
2 em,,,,,,,,,,,,,
7 em,,,,,,,,,,,,,
9 em,,,,,,,,,,,,,
date,04-14-1927
2 fm,,,,,,,,,,,,,
8 fm,,,,,,,,,,,,,
2 em,,,,,,,,,,,,,
7 em,,,,,,,,,,,,,
9 em,,,,,,,,,,,,,
date,04-15-1927
2 fm,,,,,,,,,,,,,
8 fm,,,,,,,,,,,,,
2 em,,,,,,,,,,,,,
7 em,,,,,,,,,,,,,
9 em,,,,,,,,,,,,,
date,04-16-1927
2 fm,,,,,,,,,,,,,
8 fm,,,,,,,,,,,,,
2 em,,,,,,,,,,,,,
7 em,,,,,,,,,,,,,
9 em,,,,,,,,,,,,,
date,04-17-1927
2 fm,,,,,,,,,,,,,
8 fm,,,,,,,,,,,,,
2 em,,,,,,,,,,,,,
7 em,,,,,,,,,,,,,
9 em,,,,,,,,,,,,,
date,04-18-1927
2 fm,,,,,,,,,,,,,
8 fm,,,,,,,,,,,,,
2 em,,,,,,,,,,,,,
7 em,,,,,,,,,,,,,
9 em,,,,,,,,,,,,,
date,04-19-1927
2 fm,,,,,,,,,,,,,
8 fm,,,,,,,,,,,,,
2 em,,,,,,,,,,,,,
7 em,,,,,,,,,,,,,
9 em,,,,,,,,,,,,,
date,04-20-1927
2 fm,,,,,,,,,,,,,
8 fm,,,,,,,,,,,,,
2 em,,,,,,,,,,,,,
7 em,,,,,,,,,,,,,
9 em,,,,,,,,,,,,,
date,04-21-1927
2 fm,,,,,,,,,,,,,
8 fm,,,,,,,,,,,,,
2 em,,,,,,,,,,,,,
7 em,,,,,,,,,,,,,
9 em,,,,,,,,,,,,,
date,04-22-1927
2 fm,,,,,,,,,,,,,
8 fm,,,,,,,,,,,,,
2 em,,,,,,,,,,,,,
7 em,,,,,,,,,,,,,
9 em,,,,,,,,,,,,,
date,04-23-1927
2 fm,,,,,,,,,,,,,
8 fm,,,,,,,,,,,,,
2 em,,,,,,,,,,,,,
7 em,,,,,,,,,,,,,
9 em,,,,,,,,,,,,,
date,04-24-1927
2 fm,,,,,,,,,,,,,
8 fm,,,,,,,,,,,,,
2 em,,,,,,,,,,,,,
7 em,,,,,,,,,,,,,
9 em,,,,,,,,,,,,,
date,04-25-1927
2 fm,,,,,,,,,,,,,
8 fm,,,,,,,,,,,,,
2 em,,,,,,,,,,,,,
7 em,,,,,,,,,,,,,
9 em,,,,,,,,,,,,,
date,04-26-1927
2 fm,,,,,,,,,,,,,
8 fm,,,,,,,,,,,,,
2 em,,,,,,,,,,,,,
7 em,,,,,,,,,,,,,
9 em,,,,,,,,,,,,,
date,04-27-1927
2 fm,,,,,,,,,,,,,
8 fm,,,,,,,,,,,,,
2 em,,,,,,,,,,,,,
7 em,,,,,,,,,,,,,
9 em,,,,,,,,,,,,,
date,04-28-1927
2 fm,,,,,,,,,,,,,
8 fm,,,,,,,,,,,,,
2 em,,,,,,,,,,,,,
7 em,,,,,,,,,,,,,
9 em,,,,,,,,,,,,,
date,04-29-1927
2 fm,,,,,,,,,,,,,
8 fm,,,,,,,,,,,,,
2 em,,,,,,,,,,,,,
7 em,,,,,,,,,,,,,
9 em,,,,,,,,,,,,,
date,04-30-1927
2 fm,,,,,,,,,,,,,
8 fm,,,,,,,,,,,,,
2 em,,,,,,,,,,,,,
7 em,,,,,,,,,,,,,
9 em,,,,,,,,,,,,,
date,05-01-1927
2 fm,,,,,,,,,,,,,
8 fm,,,,,,,,,,,,,
2 em,,,,,,,,,,,,,
7 em,,,,,,,,,,,,,
9 em,,,,,,,,,,,,,
date,05-02-1927
2 fm,,,,,,,,,,,,,
8 fm,,,,,,,,,,,,,
2 em,,,,,,,,,,,,,
7 em,,,,,,,,,,,,,
9 em,,,,,,,,,,,,,
date,05-03-1927
2 fm,,,,,,,,,,,,,
8 fm,,,,,,,,,,,,,
2 em,,,,,,,,,,,,,
7 em,,,,,,,,,,,,,
9 em,,,,,,,,,,,,,
date,05-04-1927
2 fm,,,,,,,,,,,,,
8 fm,,,,,,,,,,,,,
2 em,,,,,,,,,,,,,
7 em,,,,,,,,,,,,,
9 em,,,,,,,,,,,,,
date,05-05-1927
2 fm,,,,,,,,,,,,,
8 fm,,,,,,,,,,,,,
2 em,,,,,,,,,,,,,
7 em,,,,,,,,,,,,,
9 em,,,,,,,,,,,,,
date,05-06-1927
2 fm,,,,,,,,,,,,,
8 fm,,,,,,,,,,,,,
2 em,,,,,,,,,,,,,
7 em,,,,,,,,,,,,,
9 em,,,,,,,,,,,,,
date,05-07-1927
2 fm,,,,,,,,,,,,,
8 fm,,,,,,,,,,,,,
2 em,,,,,,,,,,,,,
7 em,,,,,,,,,,,,,
9 em,,,,,,,,,,,,,
date,05-08-1927
2 fm,,,,,,,,,,,,,
8 fm,,,,,,,,,,,,,
2 em,,,,,,,,,,,,,
7 em,,,,,,,,,,,,,
9 em,,,,,,,,,,,,,
date,05-09-1927
2 fm,,,,,,,,,,,,,
8 fm,,,,,,,,,,,,,
2 em,,,,,,,,,,,,,
7 em,,,,,,,,,,,,,
9 em,,,,,,,,,,,,,
date,05-10-1927
2 fm,,,,,,,,,,,,,
8 fm,,,,,,,,,,,,,
2 em,,,,,,,,,,,,,
7 em,,,,,,,,,,,,,
9 em,,,,,,,,,,,,,
date,05-11-1927
2 fm,,,,,,,,,,,,,
8 fm,,,,,,,,,,,,,
2 em,,,,,,,,,,,,,
7 em,,,,,,,,,,,,,
9 em,,,,,,,,,,,,,
date,05-12-1927
2 fm,,,,,,,,,,,,,
8 fm,,,,,,,,,,,,,
2 em,,,,,,,,,,,,,
7 em,,,,,,,,,,,,,
9 em,,,,,,,,,,,,,
date,05-13-1927
2 fm,,,,,,,,,,,,,
8 fm,,,,,,,,,,,,,
2 em,,,,,,,,,,,,,
7 em,,,,,,,,,,,,,
9 em,,,,,,,,,,,,,
date,05-14-1927
2 fm,,,,,,,,,,,,,
8 fm,,,,,,,,,,,,,
2 em,,,,,,,,,,,,,
7 em,,,,,,,,,,,,,
9 em,,,,,,,,,,,,,
date,05-15-1927
2 fm,,,,,,,,,,,,,
8 fm,,,,,,,,,,,,,
2 em,,,,,,,,,,,,,
7 em,,,,,,,,,,,,,
9 em,,,,,,,,,,,,,
date,05-16-1927
2 fm,,,,,,,,,,,,,
8 fm,,,,,,,,,,,,,
2 em,,,,,,,,,,,,,
7 em,,,,,,,,,,,,,
9 em,,,,,,,,,,,,,
date,05-17-1927
2 fm,,,,,,,,,,,,,
8 fm,,,,,,,,,,,,,
2 em,,,,,,,,,,,,,
7 em,,,,,,,,,,,,,
9 em,,,,,,,,,,,,,
date,05-18-1927
2 fm,,,,,,,,,,,,,
8 fm,,,,,,,,,,,,,
2 em,,,,,,,,,,,,,
7 em,,,,,,,,,,,,,
9 em,,,,,,,,,,,,,
date,05-19-1927
2 fm,,,,,,,,,,,,,
8 fm,,,,,,,,,,,,,
2 em,,,,,,,,,,,,,
7 em,,,,,,,,,,,,,
9 em,,,,,,,,,,,,,
date,05-20-1927
2 fm,,,,,,,,,,,,,
8 fm,,,,,,,,,,,,,
2 em,,,,,,,,,,,,,
7 em,,,,,,,,,,,,,
9 em,,,,,,,,,,,,,
date,05-21-1927
2 fm,,,,,,,,,,,,,
8 fm,,,,,,,,,,,,,
2 em,,,,,,,,,,,,,
7 em,,,,,,,,,,,,,
9 em,,,,,,,,,,,,,
date,05-22-1927
2 fm,,,,,,,,,,,,,
8 fm,,,,,,,,,,,,,
2 em,,,,,,,,,,,,,
7 em,,,,,,,,,,,,,
9 em,,,,,,,,,,,,,
date,05-23-1927
2 fm,,,,,,,,,,,,,
8 fm,,,,,,,,,,,,,
2 em,,,,,,,,,,,,,
7 em,,,,,,,,,,,,,
9 em,,,,,,,,,,,,,
date,05-24-1927
2 fm,,,,,,,,,,,,,
8 fm,,,,,,,,,,,,,
2 em,,,,,,,,,,,,,
7 em,,,,,,,,,,,,,
9 em,,,,,,,,,,,,,
date,05-25-1927
2 fm,,,,,,,,,,,,,
8 fm,,,,,,,,,,,,,
2 em,,,,,,,,,,,,,
7 em,,,,,,,,,,,,,
9 em,,,,,,,,,,,,,
date,05-26-1927
2 fm,,,,,,,,,,,,,
8 fm,,,,,,,,,,,,,
2 em,,,,,,,,,,,,,
7 em,,,,,,,,,,,,,
9 em,,,,,,,,,,,,,
date,05-27-1927
2 fm,,,,,,,,,,,,,
8 fm,,,,,,,,,,,,,
2 em,,,,,,,,,,,,,
7 em,,,,,,,,,,,,,
9 em,,,,,,,,,,,,,
date,05-28-1927
2 fm,,,,,,,,,,,,,
8 fm,,,,,,,,,,,,,
2 em,,,,,,,,,,,,,
7 em,,,,,,,,,,,,,
9 em,,,,,,,,,,,,,
date,05-29-1927
2 fm,,,,,,,,,,,,,
8 fm,,,,,,,,,,,,,
2 em,,,,,,,,,,,,,
7 em,,,,,,,,,,,,,
9 em,,,,,,,,,,,,,
date,05-30-1927
2 fm,,,,,,,,,,,,,
8 fm,,,,,,,,,,,,,
2 em,,,,,,,,,,,,,
7 em,,,,,,,,,,,,,
9 em,,,,,,,,,,,,,
date,05-31-1927
2 fm,,,,,,,,,,,,,
8 fm,,,,,,,,,,,,,
2 em,,,,,,,,,,,,,
7 em,,,,,,,,,,,,,
9 em,,,,,,,,,,,,,
date,06-01-1927
2 fm,,,,,,,,,,,,,
8 fm,,,,,,,,,,,,,
2 em,,,,,,,,,,,,,
7 em,,,,,,,,,,,,,
9 em,,,,,,,,,,,,,
date,06-02-1927
2 fm,,,,,,,,,,,,,
8 fm,,,,,,,,,,,,,
2 em,,,,,,,,,,,,,
7 em,,,,,,,,,,,,,
9 em,,,,,,,,,,,,,
date,06-03-1927
2 fm,,,,,,,,,,,,,
8 fm,,,,,,,,,,,,,
2 em,,,,,,,,,,,,,
7 em,,,,,,,,,,,,,
9 em,,,,,,,,,,,,,
date,06-04-1927
2 fm,,,,,,,,,,,,,
8 fm,,,,,,,,,,,,,
2 em,,,,,,,,,,,,,
7 em,,,,,,,,,,,,,
9 em,,,,,,,,,,,,,
date,06-05-1927
2 fm,,,,,,,,,,,,,
8 fm,,,,,,,,,,,,,
2 em,,,,,,,,,,,,,
7 em,,,,,,,,,,,,,
9 em,,,,,,,,,,,,,
date,06-06-1927
2 fm,,,,,,,,,,,,,
8 fm,,,,,,,,,,,,,
2 em,,,,,,,,,,,,,
7 em,,,,,,,,,,,,,
9 em,,,,,,,,,,,,,
date,06-07-1927
2 fm,,,,,,,,,,,,,
8 fm,,,,,,,,,,,,,
2 em,,,,,,,,,,,,,
7 em,,,,,,,,,,,,,
9 em,,,,,,,,,,,,,
date,06-08-1927
2 fm,,,,,,,,,,,,,
8 fm,,,,,,,,,,,,,
2 em,,,,,,,,,,,,,
7 em,,,,,,,,,,,,,
9 em,,,,,,,,,,,,,
date,06-09-1927
2 fm,,,,,,,,,,,,,
8 fm,,,,,,,,,,,,,
2 em,,,,,,,,,,,,,
7 em,,,,,,,,,,,,,
9 em,,,,,,,,,,,,,
date,06-10-1927
2 fm,,,,,,,,,,,,,
8 fm,,,,,,,,,,,,,
2 em,,,,,,,,,,,,,
7 em,,,,,,,,,,,,,
9 em,,,,,,,,,,,,,
date,06-11-1927
2 fm,,,,,,,,,,,,,
8 fm,,,,,,,,,,,,,
2 em,,,,,,,,,,,,,
7 em,,,,,,,,,,,,,
9 em,,,,,,,,,,,,,
date,06-12-1927
2 fm,,,,,,,,,,,,,
8 fm,,,,,,,,,,,,,
2 em,,,,,,,,,,,,,
7 em,,,,,,,,,,,,,
9 em,,,,,,,,,,,,,
date,06-13-1927
2 fm,,,,,,,,,,,,,
8 fm,,,,,,,,,,,,,
2 em,,,,,,,,,,,,,
7 em,,,,,,,,,,,,,
9 em,,,,,,,,,,,,,
date,06-14-1927
2 fm,,,,,,,,,,,,,
8 fm,,,,,,,,,,,,,
2 em,,,,,,,,,,,,,
7 em,,,,,,,,,,,,,
9 em,,,,,,,,,,,,,
date,06-15-1927
2 fm,,,,,,,,,,,,,
8 fm,,,,,,,,,,,,,
2 em,,,,,,,,,,,,,
7 em,,,,,,,,,,,,,
9 em,,,,,,,,,,,,,
date,06-16-1927
2 fm,,,,,,,,,,,,,
8 fm,,,,,,,,,,,,,
2 em,,,,,,,,,,,,,
7 em,,,,,,,,,,,,,
9 em,,,,,,,,,,,,,
date,06-17-1927
2 fm,,,,,,,,,,,,,
8 fm,,,,,,,,,,,,,
2 em,,,,,,,,,,,,,
7 em,,,,,,,,,,,,,
9 em,,,,,,,,,,,,,
date,06-18-1927
2 fm,,,,,,,,,,,,,
8 fm,,,,,,,,,,,,,
2 em,,,,,,,,,,,,,
7 em,,,,,,,,,,,,,
9 em,,,,,,,,,,,,,
date,06-19-1927
2 fm,,,,,,,,,,,,,
8 fm,,,,,,,,,,,,,
2 em,,,,,,,,,,,,,
7 em,,,,,,,,,,,,,
9 em,,,,,,,,,,,,,
date,06-20-1927
2 fm,,,,,,,,,,,,,
8 fm,,,,,,,,,,,,,
2 em,,,,,,,,,,,,,
7 em,,,,,,,,,,,,,
9 em,,,,,,,,,,,,,
date,06-21-1927
2 fm,,,,,,,,,,,,,
8 fm,,,,,,,,,,,,,
2 em,,,,,,,,,,,,,
7 em,,,,,,,,,,,,,
9 em,,,,,,,,,,,,,
date,06-22-1927
2 fm,,,,,,,,,,,,,
8 fm,,,,,,,,,,,,,
2 em,,,,,,,,,,,,,
7 em,,,,,,,,,,,,,
9 em,,,,,,,,,,,,,
date,06-23-1927
2 fm,,,,,,,,,,,,,
8 fm,,,,,,,,,,,,,
2 em,,,,,,,,,,,,,
7 em,,,,,,,,,,,,,
9 em,,,,,,,,,,,,,
date,06-24-1927
2 fm,,,,,,,,,,,,,
8 fm,,,,,,,,,,,,,
2 em,,,,,,,,,,,,,
7 em,,,,,,,,,,,,,
9 em,,,,,,,,,,,,,
date,06-25-1927
2 fm,,,,,,,,,,,,,
8 fm,,,,,,,,,,,,,
2 em,,,,,,,,,,,,,
7 em,,,,,,,,,,,,,
9 em,,,,,,,,,,,,,
date,06-26-1927
2 fm,,,,,,,,,,,,,
8 fm,,,,,,,,,,,,,
2 em,,,,,,,,,,,,,
7 em,,,,,,,,,,,,,
9 em,,,,,,,,,,,,,
date,06-27-1927
2 fm,,,,,,,,,,,,,
8 fm,,,,,,,,,,,,,
2 em,,,,,,,,,,,,,
7 em,,,,,,,,,,,,,
9 em,,,,,,,,,,,,,
date,06-28-1927
2 fm,,,,,,,,,,,,,
8 fm,,,,,,,,,,,,,
2 em,,,,,,,,,,,,,
7 em,,,,,,,,,,,,,
9 em,,,,,,,,,,,,,
date,06-29-1927
2 fm,,,,,,,,,,,,,
8 fm,,,,,,,,,,,,,
2 em,,,,,,,,,,,,,
7 em,,,,,,,,,,,,,
9 em,,,,,,,,,,,,,
date,06-30-1927
2 fm,,,,,,,,,,,,,
8 fm,,,,,,,,,,,,,
2 em,,,,,,,,,,,,,
7 em,,,,,,,,,,,,,
9 em,,,,,,,,,,,,,
date,07-01-1927
2 fm,,,,,,,,,,,,,
8 fm,,,,,,,,,,,,,
2 em,,,,,,,,,,,,,
7 em,,,,,,,,,,,,,
9 em,,,,,,,,,,,,,
date,07-02-1927
2 fm,,,,,,,,,,,,,
8 fm,,,,,,,,,,,,,
2 em,,,,,,,,,,,,,
7 em,,,,,,,,,,,,,
9 em,,,,,,,,,,,,,
date,07-03-1927
2 fm,,,,,,,,,,,,,
8 fm,,,,,,,,,,,,,
2 em,,,,,,,,,,,,,
7 em,,,,,,,,,,,,,
9 em,,,,,,,,,,,,,
date,07-04-1927
2 fm,,,,,,,,,,,,,
8 fm,,,,,,,,,,,,,
2 em,,,,,,,,,,,,,
7 em,,,,,,,,,,,,,
9 em,,,,,,,,,,,,,
date,07-05-1927
2 fm,,,,,,,,,,,,,
8 fm,,,,,,,,,,,,,
2 em,,,,,,,,,,,,,
7 em,,,,,,,,,,,,,
9 em,,,,,,,,,,,,,
date,07-06-1927
2 fm,,,,,,,,,,,,,
8 fm,,,,,,,,,,,,,
2 em,,,,,,,,,,,,,
7 em,,,,,,,,,,,,,
9 em,,,,,,,,,,,,,
date,07-07-1927
2 fm,,,,,,,,,,,,,
8 fm,,,,,,,,,,,,,
2 em,,,,,,,,,,,,,
7 em,,,,,,,,,,,,,
9 em,,,,,,,,,,,,,
date,07-08-1927
2 fm,,,,,,,,,,,,,
8 fm,,,,,,,,,,,,,
2 em,,,,,,,,,,,,,
7 em,,,,,,,,,,,,,
9 em,,,,,,,,,,,,,
date,07-09-1927
2 fm,,,,,,,,,,,,,
8 fm,,,,,,,,,,,,,
2 em,,,,,,,,,,,,,
7 em,,,,,,,,,,,,,
9 em,,,,,,,,,,,,,
date,07-10-1927
2 fm,,,,,,,,,,,,,
8 fm,,,,,,,,,,,,,
2 em,,,,,,,,,,,,,
7 em,,,,,,,,,,,,,
9 em,,,,,,,,,,,,,
date,07-11-1927
2 fm,,,,,,,,,,,,,
8 fm,,,,,,,,,,,,,
2 em,,,,,,,,,,,,,
7 em,,,,,,,,,,,,,
9 em,,,,,,,,,,,,,
date,07-12-1927
2 fm,,,,,,,,,,,,,
8 fm,,,,,,,,,,,,,
2 em,,,,,,,,,,,,,
7 em,,,,,,,,,,,,,
9 em,,,,,,,,,,,,,
date,07-13-1927
2 fm,,,,,,,,,,,,,
8 fm,,,,,,,,,,,,,
2 em,,,,,,,,,,,,,
7 em,,,,,,,,,,,,,
9 em,,,,,,,,,,,,,
date,07-14-1927
2 fm,,,,,,,,,,,,,
8 fm,,,,,,,,,,,,,
2 em,,,,,,,,,,,,,
7 em,,,,,,,,,,,,,
9 em,,,,,,,,,,,,,
date,07-15-1927
2 fm,,,,,,,,,,,,,
8 fm,,,,,,,,,,,,,
2 em,,,,,,,,,,,,,
7 em,,,,,,,,,,,,,
9 em,,,,,,,,,,,,,
date,07-16-1927
2 fm,,,,,,,,,,,,,
8 fm,,,,,,,,,,,,,
2 em,,,,,,,,,,,,,
7 em,,,,,,,,,,,,,
9 em,,,,,,,,,,,,,
date,07-17-1927
2 fm,,,,,,,,,,,,,
8 fm,,,,,,,,,,,,,
2 em,,,,,,,,,,,,,
7 em,,,,,,,,,,,,,
9 em,,,,,,,,,,,,,
date,07-18-1927
2 fm,,,,,,,,,,,,,
8 fm,,,,,,,,,,,,,
2 em,,,,,,,,,,,,,
7 em,,,,,,,,,,,,,
9 em,,,,,,,,,,,,,
date,07-19-1927
2 fm,,,,,,,,,,,,,
8 fm,,,,,,,,,,,,,
2 em,,,,,,,,,,,,,
7 em,,,,,,,,,,,,,
9 em,,,,,,,,,,,,,
date,07-20-1927
2 fm,,,,,,,,,,,,,
8 fm,,,,,,,,,,,,,
2 em,,,,,,,,,,,,,
7 em,,,,,,,,,,,,,
9 em,,,,,,,,,,,,,
date,07-21-1927
2 fm,,,,,,,,,,,,,
8 fm,,,,,,,,,,,,,
2 em,,,,,,,,,,,,,
7 em,,,,,,,,,,,,,
9 em,,,,,,,,,,,,,
date,07-22-1927
2 fm,,,,,,,,,,,,,
8 fm,,,,,,,,,,,,,
2 em,,,,,,,,,,,,,
7 em,,,,,,,,,,,,,
9 em,,,,,,,,,,,,,
date,07-23-1927
2 fm,,,,,,,,,,,,,
8 fm,,,,,,,,,,,,,
2 em,,,,,,,,,,,,,
7 em,,,,,,,,,,,,,
9 em,,,,,,,,,,,,,
date,07-24-1927
2 fm,,,,,,,,,,,,,
8 fm,,,,,,,,,,,,,
2 em,,,,,,,,,,,,,
7 em,,,,,,,,,,,,,
9 em,,,,,,,,,,,,,
date,07-25-1927
2 fm,,,,,,,,,,,,,
8 fm,,,,,,,,,,,,,
2 em,,,,,,,,,,,,,
7 em,,,,,,,,,,,,,
9 em,,,,,,,,,,,,,
date,07-26-1927
2 fm,,,,,,,,,,,,,
8 fm,,,,,,,,,,,,,
2 em,,,,,,,,,,,,,
7 em,,,,,,,,,,,,,
9 em,,,,,,,,,,,,,
date,07-27-1927
2 fm,,,,,,,,,,,,,
8 fm,,,,,,,,,,,,,
2 em,,,,,,,,,,,,,
7 em,,,,,,,,,,,,,
9 em,,,,,,,,,,,,,
date,07-28-1927
2 fm,,,,,,,,,,,,,
8 fm,,,,,,,,,,,,,
2 em,,,,,,,,,,,,,
7 em,,,,,,,,,,,,,
9 em,,,,,,,,,,,,,
date,07-29-1927
2 fm,,,,,,,,,,,,,
8 fm,,,,,,,,,,,,,
2 em,,,,,,,,,,,,,
7 em,,,,,,,,,,,,,
9 em,,,,,,,,,,,,,
date,07-30-1927
2 fm,,,,,,,,,,,,,
8 fm,,,,,,,,,,,,,
2 em,,,,,,,,,,,,,
7 em,,,,,,,,,,,,,
9 em,,,,,,,,,,,,,
date,07-31-1927
2 fm,,,,,,,,,,,,,
8 fm,,,,,,,,,,,,,
2 em,,,,,,,,,,,,,
7 em,,,,,,,,,,,,,
9 em,,,,,,,,,,,,,
date,08-01-1927
2 fm,,,,,,,,,,,,,
8 fm,,,,,,,,,,,,,
2 em,,,,,,,,,,,,,
7 em,,,,,,,,,,,,,
9 em,,,,,,,,,,,,,
date,08-02-1927
2 fm,,,,,,,,,,,,,
8 fm,,,,,,,,,,,,,
2 em,,,,,,,,,,,,,
7 em,,,,,,,,,,,,,
9 em,,,,,,,,,,,,,
date,08-03-1927
2 fm,,,,,,,,,,,,,
8 fm,,,,,,,,,,,,,
2 em,,,,,,,,,,,,,
7 em,,,,,,,,,,,,,
9 em,,,,,,,,,,,,,
date,08-04-1927
2 fm,,,,,,,,,,,,,
8 fm,,,,,,,,,,,,,
2 em,,,,,,,,,,,,,
7 em,,,,,,,,,,,,,
9 em,,,,,,,,,,,,,
date,08-05-1927
2 fm,,,,,,,,,,,,,
8 fm,,,,,,,,,,,,,
2 em,,,,,,,,,,,,,
7 em,,,,,,,,,,,,,
9 em,,,,,,,,,,,,,
date,08-06-1927
2 fm,,,,,,,,,,,,,
8 fm,,,,,,,,,,,,,
2 em,,,,,,,,,,,,,
7 em,,,,,,,,,,,,,
9 em,,,,,,,,,,,,,
date,08-07-1927
2 fm,,,,,,,,,,,,,
8 fm,,,,,,,,,,,,,
2 em,,,,,,,,,,,,,
7 em,,,,,,,,,,,,,
9 em,,,,,,,,,,,,,
date,08-08-1927
2 fm,,,,,,,,,,,,,
8 fm,,,,,,,,,,,,,
2 em,,,,,,,,,,,,,
7 em,,,,,,,,,,,,,
9 em,,,,,,,,,,,,,
date,08-09-1927
2 fm,,,,,,,,,,,,,
8 fm,,,,,,,,,,,,,
2 em,,,,,,,,,,,,,
7 em,,,,,,,,,,,,,
9 em,,,,,,,,,,,,,
date,08-10-1927
2 fm,,,,,,,,,,,,,
8 fm,,,,,,,,,,,,,
2 em,,,,,,,,,,,,,
7 em,,,,,,,,,,,,,
9 em,,,,,,,,,,,,,
date,08-11-1927
2 fm,,,,,,,,,,,,,
8 fm,,,,,,,,,,,,,
2 em,,,,,,,,,,,,,
7 em,,,,,,,,,,,,,
9 em,,,,,,,,,,,,,
date,08-12-1927
2 fm,,,,,,,,,,,,,
8 fm,,,,,,,,,,,,,
2 em,,,,,,,,,,,,,
7 em,,,,,,,,,,,,,
9 em,,,,,,,,,,,,,
date,08-13-1927
2 fm,,,,,,,,,,,,,
8 fm,,,,,,,,,,,,,
2 em,,,,,,,,,,,,,
7 em,,,,,,,,,,,,,
9 em,,,,,,,,,,,,,
date,08-14-1927
2 fm,,,,,,,,,,,,,
8 fm,,,,,,,,,,,,,
2 em,,,,,,,,,,,,,
7 em,,,,,,,,,,,,,
9 em,,,,,,,,,,,,,
date,08-15-1927
2 fm,,,,,,,,,,,,,
8 fm,,,,,,,,,,,,,
2 em,,,,,,,,,,,,,
7 em,,,,,,,,,,,,,
9 em,,,,,,,,,,,,,
date,08-16-1927
2 fm,,,,,,,,,,,,,
8 fm,,,,,,,,,,,,,
2 em,,,,,,,,,,,,,
7 em,,,,,,,,,,,,,
9 em,,,,,,,,,,,,,
date,08-17-1927
2 fm,,,,,,,,,,,,,
8 fm,,,,,,,,,,,,,
2 em,,,,,,,,,,,,,
7 em,,,,,,,,,,,,,
9 em,,,,,,,,,,,,,
date,08-18-1927
2 fm,,,,,,,,,,,,,
8 fm,,,,,,,,,,,,,
2 em,,,,,,,,,,,,,
7 em,,,,,,,,,,,,,
9 em,,,,,,,,,,,,,
date,08-19-1927
2 fm,,,,,,,,,,,,,
8 fm,,,,,,,,,,,,,
2 em,,,,,,,,,,,,,
7 em,,,,,,,,,,,,,
9 em,,,,,,,,,,,,,
date,08-20-1927
2 fm,,,,,,,,,,,,,
8 fm,,,,,,,,,,,,,
2 em,,,,,,,,,,,,,
7 em,,,,,,,,,,,,,
9 em,,,,,,,,,,,,,
date,08-21-1927
2 fm,,,,,,,,,,,,,
8 fm,,,,,,,,,,,,,
2 em,,,,,,,,,,,,,
7 em,,,,,,,,,,,,,
9 em,,,,,,,,,,,,,
date,08-22-1927
2 fm,,,,,,,,,,,,,
8 fm,,,,,,,,,,,,,
2 em,,,,,,,,,,,,,
7 em,,,,,,,,,,,,,
9 em,,,,,,,,,,,,,
date,08-23-1927
2 fm,,,,,,,,,,,,,
8 fm,,,,,,,,,,,,,
2 em,,,,,,,,,,,,,
7 em,,,,,,,,,,,,,
9 em,,,,,,,,,,,,,
date,08-24-1927
2 fm,,,,,,,,,,,,,
8 fm,,,,,,,,,,,,,
2 em,,,,,,,,,,,,,
7 em,,,,,,,,,,,,,
9 em,,,,,,,,,,,,,
date,08-25-1927
2 fm,,,,,,,,,,,,,
8 fm,,,,,,,,,,,,,
2 em,,,,,,,,,,,,,
7 em,,,,,,,,,,,,,
9 em,,,,,,,,,,,,,
date,08-26-1927
2 fm,,,,,,,,,,,,,
8 fm,,,,,,,,,,,,,
2 em,,,,,,,,,,,,,
7 em,,,,,,,,,,,,,
9 em,,,,,,,,,,,,,
date,08-27-1927
2 fm,,,,,,,,,,,,,
8 fm,,,,,,,,,,,,,
2 em,,,,,,,,,,,,,
7 em,,,,,,,,,,,,,
9 em,,,,,,,,,,,,,
date,08-28-1927
2 fm,,,,,,,,,,,,,
8 fm,,,,,,,,,,,,,
2 em,,,,,,,,,,,,,
7 em,,,,,,,,,,,,,
9 em,,,,,,,,,,,,,
date,08-29-1927
2 fm,,,,,,,,,,,,,
8 fm,,,,,,,,,,,,,
2 em,,,,,,,,,,,,,
7 em,,,,,,,,,,,,,
9 em,,,,,,,,,,,,,
date,08-30-1927
2 fm,,,,,,,,,,,,,
8 fm,,,,,,,,,,,,,
2 em,,,,,,,,,,,,,
7 em,,,,,,,,,,,,,
9 em,,,,,,,,,,,,,
date,08-31-1927
2 fm,,,,,,,,,,,,,
8 fm,,,,,,,,,,,,,
2 em,,,,,,,,,,,,,
7 em,,,,,,,,,,,,,
9 em,,,,,,,,,,,,,
date,09-01-1927
2 fm,,,,,,,,,,,,,
8 fm,,,,,,,,,,,,,
2 em,,,,,,,,,,,,,
7 em,,,,,,,,,,,,,
9 em,,,,,,,,,,,,,
date,09-02-1927
2 fm,,,,,,,,,,,,,
8 fm,,,,,,,,,,,,,
2 em,,,,,,,,,,,,,
7 em,,,,,,,,,,,,,
9 em,,,,,,,,,,,,,
date,09-03-1927
2 fm,,,,,,,,,,,,,
8 fm,,,,,,,,,,,,,
2 em,,,,,,,,,,,,,
7 em,,,,,,,,,,,,,
9 em,,,,,,,,,,,,,
date,09-04-1927
2 fm,,,,,,,,,,,,,
8 fm,,,,,,,,,,,,,
2 em,,,,,,,,,,,,,
7 em,,,,,,,,,,,,,
9 em,,,,,,,,,,,,,
date,09-05-1927
2 fm,,,,,,,,,,,,,
8 fm,,,,,,,,,,,,,
2 em,,,,,,,,,,,,,
7 em,,,,,,,,,,,,,
9 em,,,,,,,,,,,,,
date,09-06-1927
2 fm,,,,,,,,,,,,,
8 fm,,,,,,,,,,,,,
2 em,,,,,,,,,,,,,
7 em,,,,,,,,,,,,,
9 em,,,,,,,,,,,,,
date,09-07-1927
2 fm,,,,,,,,,,,,,
8 fm,,,,,,,,,,,,,
2 em,,,,,,,,,,,,,
7 em,,,,,,,,,,,,,
9 em,,,,,,,,,,,,,
date,09-08-1927
2 fm,,,,,,,,,,,,,
8 fm,,,,,,,,,,,,,
2 em,,,,,,,,,,,,,
7 em,,,,,,,,,,,,,
9 em,,,,,,,,,,,,,
date,09-09-1927
2 fm,,,,,,,,,,,,,
8 fm,,,,,,,,,,,,,
2 em,,,,,,,,,,,,,
7 em,,,,,,,,,,,,,
9 em,,,,,,,,,,,,,
date,09-10-1927
2 fm,,,,,,,,,,,,,
8 fm,,,,,,,,,,,,,
2 em,,,,,,,,,,,,,
7 em,,,,,,,,,,,,,
9 em,,,,,,,,,,,,,
date,09-11-1927
2 fm,,,,,,,,,,,,,
8 fm,,,,,,,,,,,,,
2 em,,,,,,,,,,,,,
7 em,,,,,,,,,,,,,
9 em,,,,,,,,,,,,,
date,09-12-1927
2 fm,,,,,,,,,,,,,
8 fm,,,,,,,,,,,,,
2 em,,,,,,,,,,,,,
7 em,,,,,,,,,,,,,
9 em,,,,,,,,,,,,,
date,09-13-1927
2 fm,,,,,,,,,,,,,
8 fm,,,,,,,,,,,,,
2 em,,,,,,,,,,,,,
7 em,,,,,,,,,,,,,
9 em,,,,,,,,,,,,,
date,09-14-1927
2 fm,,,,,,,,,,,,,
8 fm,,,,,,,,,,,,,
2 em,,,,,,,,,,,,,
7 em,,,,,,,,,,,,,
9 em,,,,,,,,,,,,,
date,09-15-1927
2 fm,,,,,,,,,,,,,
8 fm,,,,,,,,,,,,,
2 em,,,,,,,,,,,,,
7 em,,,,,,,,,,,,,
9 em,,,,,,,,,,,,,
date,09-16-1927
2 fm,,,,,,,,,,,,,
8 fm,,,,,,,,,,,,,
2 em,,,,,,,,,,,,,
7 em,,,,,,,,,,,,,
9 em,,,,,,,,,,,,,
date,09-17-1927
2 fm,,,,,,,,,,,,,
8 fm,,,,,,,,,,,,,
2 em,,,,,,,,,,,,,
7 em,,,,,,,,,,,,,
9 em,,,,,,,,,,,,,
date,09-18-1927
2 fm,,,,,,,,,,,,,
8 fm,,,,,,,,,,,,,
2 em,,,,,,,,,,,,,
7 em,,,,,,,,,,,,,
9 em,,,,,,,,,,,,,
date,09-19-1927
2 fm,,,,,,,,,,,,,
8 fm,,,,,,,,,,,,,
2 em,,,,,,,,,,,,,
7 em,,,,,,,,,,,,,
9 em,,,,,,,,,,,,,
date,09-20-1927
2 fm,,,,,,,,,,,,,
8 fm,,,,,,,,,,,,,
2 em,,,,,,,,,,,,,
7 em,,,,,,,,,,,,,
9 em,,,,,,,,,,,,,
date,09-21-1927
2 fm,,,,,,,,,,,,,
8 fm,,,,,,,,,,,,,
2 em,,,,,,,,,,,,,
7 em,,,,,,,,,,,,,
9 em,,,,,,,,,,,,,
date,09-22-1927
2 fm,,,,,,,,,,,,,
8 fm,,,,,,,,,,,,,
2 em,,,,,,,,,,,,,
7 em,,,,,,,,,,,,,
9 em,,,,,,,,,,,,,
date,09-23-1927
2 fm,,,,,,,,,,,,,
8 fm,,,,,,,,,,,,,
2 em,,,,,,,,,,,,,
7 em,,,,,,,,,,,,,
9 em,,,,,,,,,,,,,
date,09-24-1927
2 fm,,,,,,,,,,,,,
8 fm,,,,,,,,,,,,,
2 em,,,,,,,,,,,,,
7 em,,,,,,,,,,,,,
9 em,,,,,,,,,,,,,
date,09-25-1927
2 fm,,,,,,,,,,,,,
8 fm,,,,,,,,,,,,,
2 em,,,,,,,,,,,,,
7 em,,,,,,,,,,,,,
9 em,,,,,,,,,,,,,
date,09-26-1927
2 fm,,,,,,,,,,,,,
8 fm,,,,,,,,,,,,,
2 em,,,,,,,,,,,,,
7 em,,,,,,,,,,,,,
9 em,,,,,,,,,,,,,
date,09-27-1927
2 fm,,,,,,,,,,,,,
8 fm,,,,,,,,,,,,,
2 em,,,,,,,,,,,,,
7 em,,,,,,,,,,,,,
9 em,,,,,,,,,,,,,
date,09-28-1927
2 fm,,,,,,,,,,,,,
8 fm,,,,,,,,,,,,,
2 em,,,,,,,,,,,,,
7 em,,,,,,,,,,,,,
9 em,,,,,,,,,,,,,
date,09-29-1927
2 fm,,,,,,,,,,,,,
8 fm,,,,,,,,,,,,,
2 em,,,,,,,,,,,,,
7 em,,,,,,,,,,,,,
9 em,,,,,,,,,,,,,
date,09-30-1927
2 fm,,,,,,,,,,,,,
8 fm,,,,,,,,,,,,,
2 em,,,,,,,,,,,,,
7 em,,,,,,,,,,,,,
9 em,,,,,,,,,,,,,
date,10-01-1927
2 fm,,,,,,,,,,,,,
8 fm,,,,,,,,,,,,,
2 em,,,,,,,,,,,,,
7 em,,,,,,,,,,,,,
9 em,,,,,,,,,,,,,
date,10-02-1927
2 fm,,,,,,,,,,,,,
8 fm,,,,,,,,,,,,,
2 em,,,,,,,,,,,,,
7 em,,,,,,,,,,,,,
9 em,,,,,,,,,,,,,
date,10-03-1927
2 fm,,,,,,,,,,,,,
8 fm,,,,,,,,,,,,,
2 em,,,,,,,,,,,,,
7 em,,,,,,,,,,,,,
9 em,,,,,,,,,,,,,
date,10-04-1927
2 fm,,,,,,,,,,,,,
8 fm,,,,,,,,,,,,,
2 em,,,,,,,,,,,,,
7 em,,,,,,,,,,,,,
9 em,,,,,,,,,,,,,
date,10-05-1927
2 fm,,,,,,,,,,,,,
8 fm,,,,,,,,,,,,,
2 em,,,,,,,,,,,,,
7 em,,,,,,,,,,,,,
9 em,,,,,,,,,,,,,
date,10-06-1927
2 fm,,,,,,,,,,,,,
8 fm,,,,,,,,,,,,,
2 em,,,,,,,,,,,,,
7 em,,,,,,,,,,,,,
9 em,,,,,,,,,,,,,
date,10-07-1927
2 fm,,,,,,,,,,,,,
8 fm,,,,,,,,,,,,,
2 em,,,,,,,,,,,,,
7 em,,,,,,,,,,,,,
9 em,,,,,,,,,,,,,
date,10-08-1927
2 fm,,,,,,,,,,,,,
8 fm,,,,,,,,,,,,,
2 em,,,,,,,,,,,,,
7 em,,,,,,,,,,,,,
9 em,,,,,,,,,,,,,
date,10-09-1927
2 fm,,,,,,,,,,,,,
8 fm,,,,,,,,,,,,,
2 em,,,,,,,,,,,,,
7 em,,,,,,,,,,,,,
9 em,,,,,,,,,,,,,
date,10-10-1927
2 fm,,,,,,,,,,,,,
8 fm,,,,,,,,,,,,,
2 em,,,,,,,,,,,,,
7 em,,,,,,,,,,,,,
9 em,,,,,,,,,,,,,
date,10-11-1927
2 fm,,,,,,,,,,,,,
8 fm,,,,,,,,,,,,,
2 em,,,,,,,,,,,,,
7 em,,,,,,,,,,,,,
9 em,,,,,,,,,,,,,
date,10-12-1927
2 fm,,,,,,,,,,,,,
8 fm,,,,,,,,,,,,,
2 em,,,,,,,,,,,,,
7 em,,,,,,,,,,,,,
9 em,,,,,,,,,,,,,
date,10-13-1927
2 fm,,,,,,,,,,,,,
8 fm,,,,,,,,,,,,,
2 em,,,,,,,,,,,,,
7 em,,,,,,,,,,,,,
9 em,,,,,,,,,,,,,
date,10-14-1927
2 fm,,,,,,,,,,,,,
8 fm,,,,,,,,,,,,,
2 em,,,,,,,,,,,,,
7 em,,,,,,,,,,,,,
9 em,,,,,,,,,,,,,
date,10-15-1927
2 fm,,,,,,,,,,,,,
8 fm,,,,,,,,,,,,,
2 em,,,,,,,,,,,,,
7 em,,,,,,,,,,,,,
9 em,,,,,,,,,,,,,
date,10-16-1927
2 fm,,,,,,,,,,,,,
8 fm,,,,,,,,,,,,,
2 em,,,,,,,,,,,,,
7 em,,,,,,,,,,,,,
9 em,,,,,,,,,,,,,
date,10-17-1927
2 fm,,,,,,,,,,,,,
8 fm,,,,,,,,,,,,,
2 em,,,,,,,,,,,,,
7 em,,,,,,,,,,,,,
9 em,,,,,,,,,,,,,
date,10-18-1927
2 fm,,,,,,,,,,,,,
8 fm,,,,,,,,,,,,,
2 em,,,,,,,,,,,,,
7 em,,,,,,,,,,,,,
9 em,,,,,,,,,,,,,
date,10-19-1927
2 fm,,,,,,,,,,,,,
8 fm,,,,,,,,,,,,,
2 em,,,,,,,,,,,,,
7 em,,,,,,,,,,,,,
9 em,,,,,,,,,,,,,
date,10-20-1927
2 fm,,,,,,,,,,,,,
8 fm,,,,,,,,,,,,,
2 em,,,,,,,,,,,,,
7 em,,,,,,,,,,,,,
9 em,,,,,,,,,,,,,
date,10-21-1927
2 fm,,,,,,,,,,,,,
8 fm,,,,,,,,,,,,,
2 em,,,,,,,,,,,,,
7 em,,,,,,,,,,,,,
9 em,,,,,,,,,,,,,
date,10-22-1927
2 fm,,,,,,,,,,,,,
8 fm,,,,,,,,,,,,,
2 em,,,,,,,,,,,,,
7 em,,,,,,,,,,,,,
9 em,,,,,,,,,,,,,
date,10-23-1927
2 fm,,,,,,,,,,,,,
8 fm,,,,,,,,,,,,,
2 em,,,,,,,,,,,,,
7 em,,,,,,,,,,,,,
9 em,,,,,,,,,,,,,
date,10-24-1927
2 fm,,,,,,,,,,,,,
8 fm,,,,,,,,,,,,,
2 em,,,,,,,,,,,,,
7 em,,,,,,,,,,,,,
9 em,,,,,,,,,,,,,
date,10-25-1927
2 fm,,,,,,,,,,,,,
8 fm,,,,,,,,,,,,,
2 em,,,,,,,,,,,,,
7 em,,,,,,,,,,,,,
9 em,,,,,,,,,,,,,
date,10-26-1927
2 fm,,,,,,,,,,,,,
8 fm,,,,,,,,,,,,,
2 em,,,,,,,,,,,,,
7 em,,,,,,,,,,,,,
9 em,,,,,,,,,,,,,
date,10-27-1927
2 fm,,,,,,,,,,,,,
8 fm,,,,,,,,,,,,,
2 em,,,,,,,,,,,,,
7 em,,,,,,,,,,,,,
9 em,,,,,,,,,,,,,
date,10-28-1927
2 fm,,,,,,,,,,,,,
8 fm,,,,,,,,,,,,,
2 em,,,,,,,,,,,,,
7 em,,,,,,,,,,,,,
9 em,,,,,,,,,,,,,
date,10-29-1927
2 fm,,,,,,,,,,,,,
8 fm,,,,,,,,,,,,,
2 em,,,,,,,,,,,,,
7 em,,,,,,,,,,,,,
9 em,,,,,,,,,,,,,
date,10-30-1927
2 fm,,,,,,,,,,,,,
8 fm,,,,,,,,,,,,,
2 em,,,,,,,,,,,,,
7 em,,,,,,,,,,,,,
9 em,,,,,,,,,,,,,
date,10-31-1927
2 fm,,,,,,,,,,,,,
8 fm,,,,,,,,,,,,,
2 em,,,,,,,,,,,,,
7 em,,,,,,,,,,,,,
9 em,,,,,,,,,,,,,
date,11-01-1927
2 fm,,,,,,,,,,,,,
8 fm,,,,,,,,,,,,,
2 em,,,,,,,,,,,,,
7 em,,,,,,,,,,,,,
9 em,,,,,,,,,,,,,
date,11-02-1927
2 fm,,,,,,,,,,,,,
8 fm,,,,,,,,,,,,,
2 em,,,,,,,,,,,,,
7 em,,,,,,,,,,,,,
9 em,,,,,,,,,,,,,
date,11-03-1927
2 fm,,,,,,,,,,,,,
8 fm,,,,,,,,,,,,,
2 em,,,,,,,,,,,,,
7 em,,,,,,,,,,,,,
9 em,,,,,,,,,,,,,
date,11-04-1927
2 fm,,,,,,,,,,,,,
8 fm,,,,,,,,,,,,,
2 em,,,,,,,,,,,,,
7 em,,,,,,,,,,,,,
9 em,,,,,,,,,,,,,
date,11-05-1927
2 fm,,,,,,,,,,,,,
8 fm,,,,,,,,,,,,,
2 em,,,,,,,,,,,,,
7 em,,,,,,,,,,,,,
9 em,,,,,,,,,,,,,
date,11-06-1927
2 fm,,,,,,,,,,,,,
8 fm,,,,,,,,,,,,,
2 em,,,,,,,,,,,,,
7 em,,,,,,,,,,,,,
9 em,,,,,,,,,,,,,
date,11-07-1927
2 fm,,,,,,,,,,,,,
8 fm,,,,,,,,,,,,,
2 em,,,,,,,,,,,,,
7 em,,,,,,,,,,,,,
9 em,,,,,,,,,,,,,
date,11-08-1927
2 fm,,,,,,,,,,,,,
8 fm,,,,,,,,,,,,,
2 em,,,,,,,,,,,,,
7 em,,,,,,,,,,,,,
9 em,,,,,,,,,,,,,
date,11-09-1927
2 fm,,,,,,,,,,,,,
8 fm,,,,,,,,,,,,,
2 em,,,,,,,,,,,,,
7 em,,,,,,,,,,,,,
9 em,,,,,,,,,,,,,
date,11-10-1927
2 fm,,,,,,,,,,,,,
8 fm,,,,,,,,,,,,,
2 em,,,,,,,,,,,,,
7 em,,,,,,,,,,,,,
9 em,,,,,,,,,,,,,
date,11-11-1927
2 fm,,,,,,,,,,,,,
8 fm,,,,,,,,,,,,,
2 em,,,,,,,,,,,,,
7 em,,,,,,,,,,,,,
9 em,,,,,,,,,,,,,
date,11-12-1927
2 fm,,,,,,,,,,,,,
8 fm,,,,,,,,,,,,,
2 em,,,,,,,,,,,,,
7 em,,,,,,,,,,,,,
9 em,,,,,,,,,,,,,
date,11-13-1927
2 fm,,,,,,,,,,,,,
8 fm,,,,,,,,,,,,,
2 em,,,,,,,,,,,,,
7 em,,,,,,,,,,,,,
9 em,,,,,,,,,,,,,
date,11-14-1927
2 fm,,,,,,,,,,,,,
8 fm,,,,,,,,,,,,,
2 em,,,,,,,,,,,,,
7 em,,,,,,,,,,,,,
9 em,,,,,,,,,,,,,
date,11-15-1927
2 fm,,,,,,,,,,,,,
8 fm,,,,,,,,,,,,,
2 em,,,,,,,,,,,,,
7 em,,,,,,,,,,,,,
9 em,,,,,,,,,,,,,
date,11-16-1927
2 fm,,,,,,,,,,,,,
8 fm,,,,,,,,,,,,,
2 em,,,,,,,,,,,,,
7 em,,,,,,,,,,,,,
9 em,,,,,,,,,,,,,
date,11-17-1927
2 fm,,,,,,,,,,,,,
8 fm,,,,,,,,,,,,,
2 em,,,,,,,,,,,,,
7 em,,,,,,,,,,,,,
9 em,,,,,,,,,,,,,
date,11-18-1927
2 fm,,,,,,,,,,,,,
8 fm,,,,,,,,,,,,,
2 em,,,,,,,,,,,,,
7 em,,,,,,,,,,,,,
9 em,,,,,,,,,,,,,
date,11-19-1927
2 fm,,,,,,,,,,,,,
8 fm,,,,,,,,,,,,,
2 em,,,,,,,,,,,,,
7 em,,,,,,,,,,,,,
9 em,,,,,,,,,,,,,
date,11-20-1927
2 fm,,,,,,,,,,,,,
8 fm,,,,,,,,,,,,,
2 em,,,,,,,,,,,,,
7 em,,,,,,,,,,,,,
9 em,,,,,,,,,,,,,
date,11-21-1927
2 fm,,,,,,,,,,,,,
8 fm,,,,,,,,,,,,,
2 em,,,,,,,,,,,,,
7 em,,,,,,,,,,,,,
9 em,,,,,,,,,,,,,
date,11-22-1927
2 fm,,,,,,,,,,,,,
8 fm,,,,,,,,,,,,,
2 em,,,,,,,,,,,,,
7 em,,,,,,,,,,,,,
9 em,,,,,,,,,,,,,
date,11-23-1927
2 fm,,,,,,,,,,,,,
8 fm,,,,,,,,,,,,,
2 em,,,,,,,,,,,,,
7 em,,,,,,,,,,,,,
9 em,,,,,,,,,,,,,
date,11-24-1927
2 fm,,,,,,,,,,,,,
8 fm,,,,,,,,,,,,,
2 em,,,,,,,,,,,,,
7 em,,,,,,,,,,,,,
9 em,,,,,,,,,,,,,
date,11-25-1927
2 fm,,,,,,,,,,,,,
8 fm,,,,,,,,,,,,,
2 em,,,,,,,,,,,,,
7 em,,,,,,,,,,,,,
9 em,,,,,,,,,,,,,
date,11-26-1927
2 fm,,,,,,,,,,,,,
8 fm,,,,,,,,,,,,,
2 em,,,,,,,,,,,,,
7 em,,,,,,,,,,,,,
9 em,,,,,,,,,,,,,
date,11-27-1927
2 fm,,,,,,,,,,,,,
8 fm,,,,,,,,,,,,,
2 em,,,,,,,,,,,,,
7 em,,,,,,,,,,,,,
9 em,,,,,,,,,,,,,
date,11-28-1927
2 fm,,,,,,,,,,,,,
8 fm,,,,,,,,,,,,,
2 em,,,,,,,,,,,,,
7 em,,,,,,,,,,,,,
9 em,,,,,,,,,,,,,
date,11-29-1927
2 fm,,,,,,,,,,,,,
8 fm,,,,,,,,,,,,,
2 em,,,,,,,,,,,,,
7 em,,,,,,,,,,,,,
9 em,,,,,,,,,,,,,
date,11-30-1927
2 fm,,,,,,,,,,,,,
8 fm,,,,,,,,,,,,,
2 em,,,,,,,,,,,,,
7 em,,,,,,,,,,,,,
9 em,,,,,,,,,,,,,
date,12-01-1927
2 fm,,,,,,,,,,,,,
8 fm,,,,,,,,,,,,,
2 em,,,,,,,,,,,,,
7 em,,,,,,,,,,,,,
9 em,,,,,,,,,,,,,
date,12-02-1927
2 fm,,,,,,,,,,,,,
8 fm,,,,,,,,,,,,,
2 em,,,,,,,,,,,,,
7 em,,,,,,,,,,,,,
9 em,,,,,,,,,,,,,
date,12-03-1927
2 fm,,,,,,,,,,,,,
8 fm,,,,,,,,,,,,,
2 em,,,,,,,,,,,,,
7 em,,,,,,,,,,,,,
9 em,,,,,,,,,,,,,
date,12-04-1927
2 fm,,,,,,,,,,,,,
8 fm,,,,,,,,,,,,,
2 em,,,,,,,,,,,,,
7 em,,,,,,,,,,,,,
9 em,,,,,,,,,,,,,
date,12-05-1927
2 fm,,,,,,,,,,,,,
8 fm,,,,,,,,,,,,,
2 em,,,,,,,,,,,,,
7 em,,,,,,,,,,,,,
9 em,,,,,,,,,,,,,
date,12-06-1927
2 fm,,,,,,,,,,,,,
8 fm,,,,,,,,,,,,,
2 em,,,,,,,,,,,,,
7 em,,,,,,,,,,,,,
9 em,,,,,,,,,,,,,
date,12-07-1927
2 fm,,,,,,,,,,,,,
8 fm,,,,,,,,,,,,,
2 em,,,,,,,,,,,,,
7 em,,,,,,,,,,,,,
9 em,,,,,,,,,,,,,
date,12-08-1927
2 fm,,,,,,,,,,,,,
8 fm,,,,,,,,,,,,,
2 em,,,,,,,,,,,,,
7 em,,,,,,,,,,,,,
9 em,,,,,,,,,,,,,
date,12-09-1927
2 fm,,,,,,,,,,,,,
8 fm,,,,,,,,,,,,,
2 em,,,,,,,,,,,,,
7 em,,,,,,,,,,,,,
9 em,,,,,,,,,,,,,
date,12-10-1927
2 fm,,,,,,,,,,,,,
8 fm,,,,,,,,,,,,,
2 em,,,,,,,,,,,,,
7 em,,,,,,,,,,,,,
9 em,,,,,,,,,,,,,
date,12-11-1927
2 fm,,,,,,,,,,,,,
8 fm,,,,,,,,,,,,,
2 em,,,,,,,,,,,,,
7 em,,,,,,,,,,,,,
9 em,,,,,,,,,,,,,
date,12-12-1927
2 fm,,,,,,,,,,,,,
8 fm,,,,,,,,,,,,,
2 em,,,,,,,,,,,,,
7 em,,,,,,,,,,,,,
9 em,,,,,,,,,,,,,
date,12-13-1927
2 fm,,,,,,,,,,,,,
8 fm,,,,,,,,,,,,,
2 em,,,,,,,,,,,,,
7 em,,,,,,,,,,,,,
9 em,,,,,,,,,,,,,
date,12-14-1927
2 fm,,,,,,,,,,,,,
8 fm,,,,,,,,,,,,,
2 em,,,,,,,,,,,,,
7 em,,,,,,,,,,,,,
9 em,,,,,,,,,,,,,
date,12-15-1927
2 fm,,,,,,,,,,,,,
8 fm,,,,,,,,,,,,,
2 em,,,,,,,,,,,,,
7 em,,,,,,,,,,,,,
9 em,,,,,,,,,,,,,
date,12-16-1927
2 fm,,,,,,,,,,,,,
8 fm,,,,,,,,,,,,,
2 em,,,,,,,,,,,,,
7 em,,,,,,,,,,,,,
9 em,,,,,,,,,,,,,
date,12-17-1927
2 fm,,,,,,,,,,,,,
8 fm,,,,,,,,,,,,,
2 em,,,,,,,,,,,,,
7 em,,,,,,,,,,,,,
9 em,,,,,,,,,,,,,
date,12-18-1927
2 fm,,,,,,,,,,,,,
8 fm,,,,,,,,,,,,,
2 em,,,,,,,,,,,,,
7 em,,,,,,,,,,,,,
9 em,,,,,,,,,,,,,
date,12-19-1927
2 fm,,,,,,,,,,,,,
8 fm,,,,,,,,,,,,,
2 em,,,,,,,,,,,,,
7 em,,,,,,,,,,,,,
9 em,,,,,,,,,,,,,
date,12-20-1927
2 fm,,,,,,,,,,,,,
8 fm,,,,,,,,,,,,,
2 em,,,,,,,,,,,,,
7 em,,,,,,,,,,,,,
9 em,,,,,,,,,,,,,
date,12-21-1927
2 fm,,,,,,,,,,,,,
8 fm,,,,,,,,,,,,,
2 em,,,,,,,,,,,,,
7 em,,,,,,,,,,,,,
9 em,,,,,,,,,,,,,
date,12-22-1927
2 fm,,,,,,,,,,,,,
8 fm,,,,,,,,,,,,,
2 em,,,,,,,,,,,,,
7 em,,,,,,,,,,,,,
9 em,,,,,,,,,,,,,
date,12-23-1927
2 fm,,,,,,,,,,,,,
8 fm,,,,,,,,,,,,,
2 em,,,,,,,,,,,,,
7 em,,,,,,,,,,,,,
9 em,,,,,,,,,,,,,
date,12-24-1927
2 fm,,,,,,,,,,,,,
8 fm,,,,,,,,,,,,,
2 em,,,,,,,,,,,,,
7 em,,,,,,,,,,,,,
9 em,,,,,,,,,,,,,
date,12-25-1927
2 fm,,,,,,,,,,,,,
8 fm,,,,,,,,,,,,,
2 em,,,,,,,,,,,,,
7 em,,,,,,,,,,,,,
9 em,,,,,,,,,,,,,
date,12-26-1927
2 fm,,,,,,,,,,,,,
8 fm,,,,,,,,,,,,,
2 em,,,,,,,,,,,,,
7 em,,,,,,,,,,,,,
9 em,,,,,,,,,,,,,
date,12-27-1927
2 fm,,,,,,,,,,,,,
8 fm,,,,,,,,,,,,,
2 em,,,,,,,,,,,,,
7 em,,,,,,,,,,,,,
9 em,,,,,,,,,,,,,
date,12-28-1927
2 fm,,,,,,,,,,,,,
8 fm,,,,,,,,,,,,,
2 em,,,,,,,,,,,,,
7 em,,,,,,,,,,,,,
9 em,,,,,,,,,,,,,
date,12-29-1927
2 fm,,,,,,,,,,,,,
8 fm,,,,,,,,,,,,,
2 em,,,,,,,,,,,,,
7 em,,,,,,,,,,,,,
9 em,,,,,,,,,,,,,
date,12-30-1927
2 fm,,,,,,,,,,,,,
8 fm,,,,,,,,,,,,,
2 em,,,,,,,,,,,,,
7 em,,,,,,,,,,,,,
9 em,,,,,,,,,,,,,
date,12-31-1927
